RowIndex,OldUniqueKey,OldCostCode,OldItemId,OldName,NewUniqueKey,NewCostCode,NewItemId,NewName
1,01-300-10-80|48458345,01-300-10-80,48458345,Food Cost,|51482128,,51482128,Linear
2,05-100-10-60|45901569,05-100-10-60,45901569,Rebar Fabrication Time,|51482129,,51482129,Square Feet
3,05-100-10-10|36741836,05-100-10-10,36741836,"Bollard Sch 40 6""x7'6"" (primed)",|51535291,,51535291,Each
4,05-100-10-10|36741840,05-100-10-10,36741840,"Bollard Sch 40 6""x78"" with cap (primed)",01-300-10-80|51482392,01-300-10-80,51482392,Food Cost
5,05-100-10-10|36746405,05-100-10-10,36746405,Bollard Sleeve,90-100-10-10|51482130,90-100-10-10,51482130,Quickbooks Over and Under Adjustments
6,05-100-10-10|36746408,05-100-10-10,36746408,"Galvanized Bollard 4""",01-200-10-10|51482131,01-200-10-10,51482131,Bonding
7,05-100-10-10|36746422,05-100-10-10,36746422,"Galvanized Bollard 6""",90-100-10-10|51482287,90-100-10-10,51482287,Over/Under
8,05-100-10-30|38977378,05-100-10-30,38977378,Bollards Labor,01-300-10-35|51482200,01-300-10-35,51482200,Mobilization
9,05-100-10-20|38977380,05-100-10-20,38977380,Bollards Concrete,01-300-10-10|51482384,01-300-10-10,51482384,Supervision
10,05-100-10-10|42192615,05-100-10-10,42192615,"Bollard Sch 40 4"" x 7' Stainless Steel with Cap",01-300-10-20|51482385,01-300-10-20,51482385,Management
11,05-100-10-10|43882022,05-100-10-10,43882022,"Bollard Sch 40 4"" x 80"" Stainless Steel with Cap",01-300-10-30|51482386,01-300-10-30,51482386,Labor Travel
12,05-100-10-10|43882030,05-100-10-10,43882030,"Bollard Sch 40 6"" x 80"" Stainless Steel with Cap",01-300-10-70.L|51482387,01-300-10-70.L,51482387,Shop Time
13,05-100-10-10|43882036,05-100-10-10,43882036,"Bollard Sleeve Sch 40 6"" Stainless Steel",01-300-10-40|51482353,01-300-10-40,51482353,Shop Drawings
14,05-100-10-10|43882038,05-100-10-10,43882038,"Bollard Sleeve Sch 40 8"" Stainless Steel",01-300-10-40|51482354,01-300-10-40,51482354,Shop Drawings
15,|37396940,,37396940,Each,02-400-10-20|51482322,02-400-10-20,51482322,Demo Equipment
16,|37417652,,37417652,Linear,02-400-10-10|51482381,02-400-10-10,51482381,Labor Demo
17,|37417654,,37417654,Square Feet,02-500-10-20|51482327,02-500-10-20,51482327,Remediation Equipment
18,90-100-10-10|37378503,90-100-10-10,37378503,Quickbooks Over and Under Adjustments,02-500-10-10|51482383,02-500-10-10,51482383,Labor Remediation
19,01-200-10-10|39581777,01-200-10-10,39581777,Bonding,03-150-10-85|51482248,03-150-10-85,51482248,ADA Plate 2'x3'
20,03-300-00-10|38920807,03-300-00-10,38920807,Foundation Labor,03-150-10-85|51482249,03-150-10-85,51482249,ADA Plate 2'x4'
21,03-300-00-20|38920816,03-300-00-20,38920816,Foundation Concrete,03-150-10-85|51482250,03-150-10-85,51482250,ADA Plate 2'x5'
22,03-100-10-10|38920838,03-100-10-10,38920838,Foundation Forms Labor,03-150-10-85|51482242,03-150-10-85,51482242,Powder Release 5 Gal
23,03-100-10-20|38930516,03-100-10-20,38930516,Foundation Wood Forms,03-150-10-85|51482243,03-150-10-85,51482243,Color Hardener 5 Gal
24,03-100-10-20|38930525,03-100-10-20,38930525,Foundation Aluminum Forms,03-150-10-85|51482244,03-150-10-85,51482244,Integral Color
25,03-100-10-40|38930602,03-100-10-40,38930602,Foundation Form Rentals,03-150-10-85|51482245,03-150-10-85,51482245,Surface Deactivator
26,03-200-10-10|38930617,03-200-10-10,38930617,Foundation Rebar Labor,03-150-10-85|51482246,03-150-10-85,51482246,Eco-stain
27,03-200-10-20|38930637,03-200-10-20,38930637,#4 Rebar - 20' Pc,03-150-10-85|51482247,03-150-10-85,51482247,Stamp Rental
28,03-200-10-20|38930638,03-200-10-20,38930638,#3 Rebar - 20' Pc,03-150-10-85|51482227,03-150-10-85,51482227,"Expansion Noma-Flex 6""x10'"
29,03-200-10-20|38930643,03-200-10-20,38930643,#5 Rebar - 20' Pc,03-150-10-85|51482228,03-150-10-85,51482228,"Expansion Noma-Flex 12""x10'"
30,03-200-10-20|38930647,03-200-10-20,38930647,#6 Rebar - 20' Pc,03-150-10-85|51482229,03-150-10-85,51482229,"Foam Expansion Roll 1/4""x4""x100'"
31,03-200-10-20|38930648,03-200-10-20,38930648,#7 Rebar - 20' Pc,03-150-10-85|51482230,03-150-10-85,51482230,"Foam Expansion Roll 1/2""x4""x50'"
32,03-200-10-20|38930652,03-200-10-20,38930652,#8 Rebar - 20' Pc,03-150-10-85|51482231,03-150-10-85,51482231,"Foam Expansion Roll 1/2""x6""x50'"
33,03-200-10-20|38930660,03-200-10-20,38930660,#9 Rebar - 20' Pc,03-150-10-85|51482232,03-150-10-85,51482232,"Foam Expansion Roll 1/2""x8""x50'"
34,03-200-10-20|38930666,03-200-10-20,38930666,#11 Rebar - 20' Pc,03-150-10-85|51482233,03-150-10-85,51482233,"Rubber Expansion Pc. 1/2""x4""x10'"
35,03-200-10-20|38930667,03-200-10-20,38930667,#10 Rebar - 20' Pc,03-150-10-85|51482234,03-150-10-85,51482234,"Rubber Expansion Pc. 1/2""x6""x10'"
36,03-300-00-20|38970802,03-300-00-20,38970802,Fiber,03-150-10-85|51482235,03-150-10-85,51482235,"Expansion Noma-Flex 4""x10'"
37,03-300-00-30|38982887,03-300-00-30,38982887,Telehandler 8000 lb (In-House),03-150-10-85|51482236,03-150-10-85,51482236,"Expansion Cap (snap cap) 1/2""x10'"
38,03-300-00-40|38982888,03-300-00-40,38982888,Telehandler 8000 lb (Rental),03-150-10-85|51482237,03-150-10-85,51482237,Touch N Foam 12 oz
39,03-300-00-30|38982889,03-300-00-30,38982889,Telehandler 8000 lb (In-House),03-150-10-85|51482238,03-150-10-85,51482238,Great Stuff Insulating Foam 12 oz
40,03-300-00-40|38982890,03-300-00-40,38982890,Scissor Lift Rental,03-150-10-85|51482239,03-150-10-85,51482239,"GreenGuard Scoreboard 2""x4'x8'"
41,03-300-00-12|38994020,03-300-00-12,38994020,Continuous Footing Labor,03-150-10-85|51482240,03-150-10-85,51482240,"GreenGuard Scoreboard 1.5""x4'x8"
42,03-300-00-16|38994021,03-300-00-16,38994021,Spreadfooting Labor,03-150-10-85|51482241,03-150-10-85,51482241,"GreenGuard Scoreboard 1""x4'x8'"
43,03-300-00-14|38994023,03-300-00-14,38994023,Pier Labor,03-150-10-85|51482186,03-150-10-85,51482186,EPS Foam Concrete Adhesive 14 oz
44,03-300-00-50|39582162,03-300-00-50,39582162,Foundation Subcontractor,03-150-10-85|51482187,03-150-10-85,51482187,Planitop X 50 lb Bag
45,03-300-00-30|39582221,03-300-00-30,39582221,Tower Light,03-150-10-85|51482188,03-150-10-85,51482188,Quikrete Concrete Mix 80 Lb bag
46,03-300-00-30|39582222,03-300-00-30,39582222,Concrete Buggy,03-150-10-85|51482189,03-150-10-85,51482189,Pc-Concrete Repair Epoxy
47,03-300-10-30|36836739,03-300-10-30,36836739,Tower Light,03-150-10-85|51482190,03-150-10-85,51482190,Sika AnchorFix1
48,03-300-10-30|36836740,03-300-10-30,36836740,Concrete Buggy,03-150-10-85|51482191,03-150-10-85,51482191,Super Air Plus 1 Bag
49,03-100-20-20|37227306,03-100-20-20,37227306,TK Gold Form Release,03-150-10-85|51482192,03-150-10-85,51482192,Mini Delay Set
50,03-100-20-10|38935026,03-100-20-10,38935026,Wall Forms Labor,03-150-10-85|51482193,03-150-10-85,51482193,Precision Non-Shrink Grout 50lb
51,03-300-10-10|38935032,03-300-10-10,38935032,Wall Labor,03-150-10-85|51482194,03-150-10-85,51482194,"Fiber 3/4"" Length 1 LB.Bag"
52,03-300-10-20|38935037,03-300-10-20,38935037,Wall Concrete,03-150-10-85|51482195,03-150-10-85,51482195,"Keyway- Screed Key Pc. 3.5""x10'"
53,03-200-20-20|38935047,03-200-20-20,38935047,#4 Rebar - 20' Pc,03-150-10-85|51482196,03-150-10-85,51482196,"Keyway- Screed Key Pc. 5.5""x10'"
54,03-200-20-20|38935048,03-200-20-20,38935048,#3 Rebar - 20' Pc,03-150-10-85|51482197,03-150-10-85,51482197,"Quick Joint zip strip Pc. 1""x10'"
55,03-200-20-20|38935049,03-200-20-20,38935049,#5 Rebar - 20' Pc,03-150-10-85|51482198,03-150-10-85,51482198,"Wood Chamfer Pc. 3/4""x3/4""x10'"
56,03-200-20-20|38935050,03-200-20-20,38935050,#6 Rebar - 20' Pc,03-150-10-85|51482199,03-150-10-85,51482199,Non Metallic Floor Hardener 50 lb. Bag
57,03-200-20-20|38935051,03-200-20-20,38935051,#7 Rebar - 20' Pc,03-150-10-85|51482212,03-150-10-85,51482212,"Standard Wall Construction 18"" x 12'"
58,03-200-20-20|38935052,03-200-20-20,38935052,#8 Rebar - 20' Pc,03-150-10-85|51482213,03-150-10-85,51482213,"Standard Wall Construction 30"" x 12'"
59,03-200-20-20|38935053,03-200-20-20,38935053,#9 Rebar - 20' Pc,03-150-10-85|51482214,03-150-10-85,51482214,"Standard Wall Construction 12"" x 12'"
60,03-200-20-20|38935054,03-200-20-20,38935054,#11 Rebar - 20' Pc,03-150-10-85|51482215,03-150-10-85,51482215,"Standard Wall Construction 16"" x 12'"
61,03-200-20-20|38935055,03-200-20-20,38935055,#10 Rebar - 20' Pc,03-150-10-85|51482216,03-150-10-85,51482216,"Standard Wall Construction 20"" x 12'"
62,03-200-20-10|38935175,03-200-20-10,38935175,Wall Rebar Labor,03-150-10-85|51482217,03-150-10-85,51482217,"Standard Wall Construction 24"" x 12'"
63,03-100-20-20|38935910,03-100-20-20,38935910,Wall Forms,03-150-10-85|51482218,03-150-10-85,51482218,"Standard Wall Construction 36"" x 12'"
64,03-100-20-20|38935915,03-100-20-20,38935915,Wood Wall Forms,03-150-10-85|51482219,03-150-10-85,51482219,"Standard Wall Construction 22"" x 12'"
65,03-100-20-20|38935922,03-100-20-20,38935922,Wall Form Rentals,03-150-10-85|51482220,03-150-10-85,51482220,"Standard Wall Construction 12"" x 6'"
66,03-100-20-20|38935924,03-100-20-20,38935924,"8"" Wall Tie",03-150-10-85|51482221,03-150-10-85,51482221,"Standard Wall Construction 20"" x 6'"
67,03-300-10-50|38936001,03-300-10-50,38936001,Poured Wall Subcontractor,03-150-10-85|51482222,03-150-10-85,51482222,"Standard Wall Construction 36"" x 6'"
68,03-300-10-20|38970804,03-300-10-20,38970804,Fiber,03-150-10-85|51482223,03-150-10-85,51482223,"Standard Wall Construction 16"" x 6'"
69,03-300-10-30|38982892,03-300-10-30,38982892,Telehandler 8000 lb (In-House),03-150-10-85|51482224,03-150-10-85,51482224,"Standard Wall Construction 18"" x 6'"
70,03-300-10-40|38982893,03-300-10-40,38982893,Telehandler 8000 lb (Rental),03-150-10-85|51482225,03-150-10-85,51482225,"Standard Wall Construction 24"" x 6'"
71,03-300-10-30|38982894,03-300-10-30,38982894,Telehandler 8000 lb (In-House),03-150-10-85|51482226,03-150-10-85,51482226,"Standard Wall Construction 30"" x 6'"
72,03-300-10-40|38982895,03-300-10-40,38982895,Scissor Lift Rental,03-150-10-85|51482259,03-150-10-85,51482259,"Speed Dowel #4 Rebar 5/8"" x 9"""
73,03-300-20-20|36874076,03-300-20-20,36874076,Fiber,03-150-10-85|51482260,03-150-10-85,51482260,"#5 Speed Dowel Base -3/4"""
74,03-300-20-10|38936046,03-300-20-10,38936046,Labor Slab On Grade,03-150-10-85|51482261,03-150-10-85,51482261,"Speed Dowel #5 Rebar 3/4"" x 9"""
75,03-300-20-20|38936047,03-300-20-20,38936047,Slab On Grade Concrete,03-150-10-85|51482262,03-150-10-85,51482262,"1/4"" QuicDiamond Flat Plate (includes Plate and Sleeve)"
76,03-100-30-10|38936048,03-100-30-10,38936048,Slab On Grade Forms Labor,03-150-10-85|51482263,03-150-10-85,51482263,"#6 (3/4"") X 18"" Smooth Dowels"
77,03-100-30-20|38936049,03-100-30-20,38936049,Slab On Grade Wood Forms,03-150-10-35|51482207,03-150-10-35,51482207,Vapor Barrier 6 mil 20'x100'
78,03-200-30-10|38936050,03-200-30-10,38936050,Slab on Grade Rebar Labor,03-150-10-45|51482208,03-150-10-45,51482208,"Viper Tape 4"" x 180'"
79,03-200-30-20|38936051,03-200-30-20,38936051,#4 Rebar - 20' Pc,03-150-10-45|51482209,03-150-10-45,51482209,Vapor Barrier 15 mil Viper II Class A Roll (14'x140')
80,03-200-30-20|38936052,03-200-30-20,38936052,#3 Rebar - 20' Pc,03-150-10-35|51482210,03-150-10-35,51482210,Vapor Barrier 10 mil 20'x100'
81,03-200-30-20|38936053,03-200-30-20,38936053,#5 Rebar - 20' Pc,03-150-10-45|51482211,03-150-10-45,51482211,Vapor Barrier 20 mil 14'x105'
82,03-200-30-20|38936054,03-200-30-20,38936054,#6 Rebar - 20' Pc,03-150-10-05|51482201,03-150-10-05,51482201,"Dumbbell Waterstop Type DB-2 PVC 6""X 3/8""X 50'"
83,03-200-30-20|38936055,03-200-30-20,38936055,#7 Rebar - 20' Pc,03-150-10-05|51482202,03-150-10-05,51482202,Box Expand-Tite 100 (100' per carton)
84,03-200-30-20|38936056,03-200-30-20,38936056,#8 Rebar - 20' Pc,03-150-10-05|51482203,03-150-10-05,51482203,Box Expand-Tite 200 (100' per carton)
85,03-200-30-20|38936057,03-200-30-20,38936057,#9 Rebar - 20' Pc,03-150-10-05|51482204,03-150-10-05,51482204,"Water Stop Type 3A Ribbed 4""x 3/16"" x 50'"
86,03-200-30-20|38936058,03-200-30-20,38936058,#11 Rebar - 20' Pc,03-150-10-05|51482205,03-150-10-05,51482205,"Water Stop Type 3A Ribbed 4""x 3/16"" x 100'"
87,03-200-30-20|38936059,03-200-30-20,38936059,#10 Rebar - 20' Pc,03-150-10-05|51482206,03-150-10-05,51482206,"Water Stop Type 4B Ribbed - w/Center bulb - Tapered 6""x 3/16"" x 50'"
88,03-300-20-30|38982897,03-300-20-30,38982897,Telehandler 8000 lb (In-House),03-150-10-10|51482388,03-150-10-10,51482388,Labor Waterstop
89,03-300-20-40|38982898,03-300-20-40,38982898,Telehandler 8000 lb (Rental),03-200-50-30|51482251,03-200-50-30,51482251,"Heavy Duty SOG Chair 2-1/2"" - 3"""
90,03-300-20-30|38982899,03-300-20-30,38982899,Telehandler 8000 lb (In-House),03-200-50-30|51482252,03-200-50-30,51482252,"Heavy Duty SOG Chair 1 1/2"" - 2"""
91,03-300-20-40|38982900,03-300-20-40,38982900,Scissor Lift Rental,03-200-50-30|51482253,03-200-50-30,51482253,"2"" Popcorn Brick Chairs"
92,03-300-20-30|38984120,03-300-20-30,38984120,Somero S-15R (boom screed) (8 hr minimum),03-200-50-30|51482254,03-200-50-30,51482254,"Chairs 1.5"" (5' section)"
93,03-300-20-30|38984121,03-300-20-30,38984121,Somero SRS4 (boom screed) (8 hr minimum),03-200-50-30|51482255,03-200-50-30,51482255,"Chairs 3/4"" (5' section)"
94,03-300-20-30|38984122,03-300-20-30,38984122,Somero S-840 (8 hr minimum),03-200-50-30|51482256,03-200-50-30,51482256,"Chairs 2"" (5' section)"
95,03-300-20-30|38984123,03-300-20-30,38984123,Somero Power Rake (8 hr minimum),03-200-50-30|51482257,03-200-50-30,51482257,"Chairs 3"" (5' section)"
96,03-300-20-30|38984124,03-300-20-30,38984124,Somero 3D Profiler (with or without screed),03-200-50-30|51482258,03-200-50-30,51482258,"Chairs 4"" (5' section)"
97,03-300-20-30|38984125,03-300-20-30,38984125,Topping spreader (attachment on the SRS4 machine),03-200-50-20|51482264,03-200-50-20,51482264,Wire Mesh 6 ga (2.9x2.9 6x6) 5'x10' Sheet
98,03-300-20-50|39582179,03-300-20-50,39582179,Slab on Grade Subcontractor,03-200-50-20|51482265,03-200-50-20,51482265,Wire Mesh 8 ga (2.1x2.1 6x6) 5'x10' Sheet
99,03-300-20-30|39583304,03-300-20-30,39583304,Tower Light,03-200-50-20|51482266,03-200-50-20,51482266,Wire Mesh 10 ga (1.4x1.4 6x6) 5'x10' Sheet
100,03-300-20-30|39583305,03-300-20-30,39583305,Concrete Buggy,03-200-50-20|51482267,03-200-50-20,51482267,Wire Mesh 6 ga  (2.9x2.9 6x6) 8'x15' Sheet
101,03-300-20-30|39591872,03-300-20-30,39591872,Hydro 8' Rideon Trowler,03-200-50-20|51482268,03-200-50-20,51482268,Wire Mesh 4 ga (4.0x4.0 6x6) 5'x10' Sheet
102,03-300-20-30|39591873,03-300-20-30,39591873,Hydro 10' Rideon Trowler,03-200-50-20|51482269,03-200-50-20,51482269,Wire Mesh 4 ga (4.0x4.0 4x4) 5'x10' Sheet
103,03-300-20-30|39591874,03-300-20-30,39591874,8' Rideon Trowler,03-300-00-20|51482132,03-300-00-20,51482132,Foundation Concrete
104,03-300-20-30|39591875,03-300-20-30,39591875,6' Rideon Trowler,03-100-10-20|51482133,03-100-10-20,51482133,Foundation Wood Forms
105,03-300-20-70|45852711,03-300-20-70,45852711,Non Contracted Labor,03-100-10-20|51482134,03-100-10-20,51482134,Foundation Aluminum Forms
106,03-300-30-30|36804312,03-300-30-30,36804312,Somero S-15R (boom screed) (8 hr minimum),03-100-10-40|51482135,03-100-10-40,51482135,Foundation Form Rentals
107,03-300-30-30|36804326,03-300-30-30,36804326,Somero SRS4 (boom screed) (8 hr minimum),03-200-10-20|51482136,03-200-10-20,51482136,#4 Rebar - 20' Pc
108,03-300-30-30|36804328,03-300-30-30,36804328,Somero S-840 (8 hr minimum),03-200-10-20|51482137,03-200-10-20,51482137,#3 Rebar - 20' Pc
109,03-300-30-30|36804332,03-300-30-30,36804332,Somero Power Rake (8 hr minimum),03-200-10-20|51482138,03-200-10-20,51482138,#5 Rebar - 20' Pc
110,03-300-30-30|36804335,03-300-30-30,36804335,Somero 3D Profiler (with or without screed),03-200-10-20|51482139,03-200-10-20,51482139,#6 Rebar - 20' Pc
111,03-300-30-30|36804337,03-300-30-30,36804337,Topping spreader (attachment on the SRS4 machine),03-200-10-20|51482140,03-200-10-20,51482140,#7 Rebar - 20' Pc
112,03-300-30-30|36836742,03-300-30-30,36836742,Hydro 8' Rideon Trowler,03-200-10-20|51482141,03-200-10-20,51482141,#8 Rebar - 20' Pc
113,03-300-30-30|36836744,03-300-30-30,36836744,Hydro 10' Rideon Trowler,03-200-10-20|51482142,03-200-10-20,51482142,#9 Rebar - 20' Pc
114,03-300-30-30|36836745,03-300-30-30,36836745,8' Rideon Trowler,03-200-10-20|51482143,03-200-10-20,51482143,#11 Rebar - 20' Pc
115,03-300-30-30|36836746,03-300-30-30,36836746,6' Rideon Trowler,03-200-10-20|51482144,03-200-10-20,51482144,#10 Rebar - 20' Pc
116,03-300-30-10|38938591,03-300-30-10,38938591,Site Concrete Labor,03-300-00-20|51482145,03-300-00-20,51482145,Fiber
117,03-300-30-20|38938592,03-300-30-20,38938592,Site Concrete,03-300-00-30|51482288,03-300-00-30,51482288,Telehandler 8000 lb (In-House)
118,03-100-30-10|38938593,03-100-30-10,38938593,Site Concrete Forms Labor,03-300-00-40|51482289,03-300-00-40,51482289,Telehandler 8000 lb (Rental)
119,03-100-30-20|38938594,03-100-30-20,38938594,Site Concrete Wood Forms,03-300-00-30|51482290,03-300-00-30,51482290,Telehandler 8000 lb (In-House)
120,03-200-40-10|38938595,03-200-40-10,38938595,Site Rebar Labor,03-300-00-40|51482291,03-300-00-40,51482291,Scissor Lift Rental
121,03-200-40-20|38938596,03-200-40-20,38938596,#4 Rebar - 20' Pc,03-300-00-30|51482292,03-300-00-30,51482292,Tower Light
122,03-200-40-20|38938597,03-200-40-20,38938597,#3 Rebar - 20' Pc,03-300-00-30|51482293,03-300-00-30,51482293,Concrete Buggy
123,03-200-40-20|38938598,03-200-40-20,38938598,#5 Rebar - 20' Pc,03-300-00-50|51482336,03-300-00-50,51482336,Foundation Subcontractor
124,03-200-40-20|38938599,03-200-40-20,38938599,#6 Rebar - 20' Pc,03-300-00-10|51482365,03-300-00-10,51482365,Labor Foundation
125,03-200-40-20|38938600,03-200-40-20,38938600,#7 Rebar - 20' Pc,03-100-10-10|51482366,03-100-10-10,51482366,Labor Foundation Forms
126,03-200-40-20|38938601,03-200-40-20,38938601,#8 Rebar - 20' Pc,03-200-10-10|51482367,03-200-10-10,51482367,Labor Foundation Rebar
127,03-200-40-20|38938602,03-200-40-20,38938602,#9 Rebar - 20' Pc,03-300-00-12|51482368,03-300-00-12,51482368,Labor Continuous Footing
128,03-200-40-20|38938603,03-200-40-20,38938603,#11 Rebar - 20' Pc,03-300-00-16|51482369,03-300-00-16,51482369,Labor Spreadfooting
129,03-200-40-20|38938604,03-200-40-20,38938604,#10 Rebar - 20' Pc,03-300-00-14|51482370,03-300-00-14,51482370,Labor Pier
130,03-300-30-20|38975377,03-300-30-20,38975377,Fiber,03-100-20-20|51482146,03-100-20-20,51482146,TK Gold Form Release
131,03-300-30-30|38982918,03-300-30-30,38982918,Telehandler 8000 lb (In-House),03-300-10-20|51482147,03-300-10-20,51482147,Wall Concrete
132,03-300-30-40|38982919,03-300-30-40,38982919,Telehandler 8000 lb (Rental),03-200-20-20|51482148,03-200-20-20,51482148,#4 Rebar - 20' Pc
133,03-300-30-30|38982920,03-300-30-30,38982920,Telehandler 8000 lb (In-House),03-200-20-20|51482149,03-200-20-20,51482149,#3 Rebar - 20' Pc
134,03-300-30-40|38982921,03-300-30-40,38982921,Scissor Lift Rental,03-200-20-20|51482150,03-200-20-20,51482150,#5 Rebar - 20' Pc
135,03-300-30-20|39433395,03-300-30-20,39433395,Decorative Mockups,03-200-20-20|51482151,03-200-20-20,51482151,#6 Rebar - 20' Pc
136,03-300-30-50|39582183,03-300-30-50,39582183,Site Concrete Subcontractor,03-200-20-20|51482152,03-200-20-20,51482152,#7 Rebar - 20' Pc
137,03-300-30-30|39583319,03-300-30-30,39583319,Tower Light,03-200-20-20|51482153,03-200-20-20,51482153,#8 Rebar - 20' Pc
138,03-300-30-30|39583320,03-300-30-30,39583320,Concrete Buggy,03-200-20-20|51482154,03-200-20-20,51482154,#9 Rebar - 20' Pc
139,03-300-30-40|42359745,03-300-30-40,42359745,Curb Form Rentals,03-200-20-20|51482155,03-200-20-20,51482155,#11 Rebar - 20' Pc
140,02-400-10-10|38920770,02-400-10-10,38920770,Demo Labor,03-200-20-20|51482156,03-200-20-20,51482156,#10 Rebar - 20' Pc
141,02-400-10-20|38920782,02-400-10-20,38920782,Demo Equipment,03-100-20-20|51482157,03-100-20-20,51482157,Wall Forms
142,03-400-10-20|36836748,03-400-10-20,36836748,Chop Saw,03-100-20-20|51482158,03-100-20-20,51482158,Wood Wall Forms
143,03-400-10-20|36836750,03-400-10-20,36836750,Soffcut Saw X150,03-100-20-20|51482159,03-100-20-20,51482159,"8"" Wall Tie"
144,03-400-10-20|36836751,03-400-10-20,36836751,Soffcut Saw X4000,03-300-10-20|51482160,03-300-10-20,51482160,Fiber
145,03-400-10-20|36836752,03-400-10-20,36836752,"18"" Floor Saw",03-300-10-30|51482294,03-300-10-30,51482294,Tower Light
146,03-400-10-10|38981316,03-400-10-10,38981316,Concrete Sawing Labor,03-300-10-30|51482295,03-300-10-30,51482295,Concrete Buggy
147,02-500-10-10|38920789,02-500-10-10,38920789,Remediation Labor,03-300-10-30|51482296,03-300-10-30,51482296,Telehandler 8000 lb (In-House)
148,02-500-10-20|38920790,02-500-10-20,38920790,Remediation Equipment,03-300-10-40|51482297,03-300-10-40,51482297,Telehandler 8000 lb (Rental)
149,03-150-10-85|36804163,03-150-10-85,36804163,EPS Foam Concrete Adhesive 14 oz,03-300-10-30|51482298,03-300-10-30,51482298,Telehandler 8000 lb (In-House)
150,03-150-10-85|36804164,03-150-10-85,36804164,Planitop X 50 lb Bag,03-300-10-40|51482299,03-300-10-40,51482299,Scissor Lift Rental
151,03-150-10-85|36804167,03-150-10-85,36804167,Quikrete Concrete Mix 80 Lb bag,03-100-20-20|51482337,03-100-20-20,51482337,Wall Form Rentals
152,03-150-10-85|36804170,03-150-10-85,36804170,Pc-Concrete Repair Epoxy,03-300-10-50|51482338,03-300-10-50,51482338,Poured Wall Subcontractor
153,03-150-10-85|36804177,03-150-10-85,36804177,Sika AnchorFix1,03-100-20-10|51482371,03-100-20-10,51482371,Labor Wall Forms
154,03-150-10-85|36804180,03-150-10-85,36804180,Super Air Plus 1 Bag,03-300-10-10|51482372,03-300-10-10,51482372,Labor Wall
155,03-150-10-85|36804181,03-150-10-85,36804181,Mini Delay Set,03-200-20-10|51482373,03-200-20-10,51482373,Labor Wall Rebar
156,03-150-10-85|38935988,03-150-10-85,38935988,Precision Non-Shrink Grout 50lb,03-300-20-20|51482161,03-300-20-20,51482161,Fiber
157,03-150-10-85|38970800,03-150-10-85,38970800,"Fiber 3/4"" Length 1 LB.Bag",03-300-20-20|51482162,03-300-20-20,51482162,Slab On Grade Concrete
158,03-150-10-85|38975882,03-150-10-85,38975882,"Keyway- Screed Key Pc. 3.5""x10'",03-100-30-20|51482163,03-100-30-20,51482163,Slab On Grade Wood Forms
159,03-150-10-85|38975883,03-150-10-85,38975883,"Keyway- Screed Key Pc. 5.5""x10'",03-200-30-20|51482164,03-200-30-20,51482164,#4 Rebar - 20' Pc
160,03-150-10-85|38975884,03-150-10-85,38975884,"Quick Joint zip strip Pc. 1""x10'",03-200-30-20|51482165,03-200-30-20,51482165,#3 Rebar - 20' Pc
161,03-150-10-85|38975885,03-150-10-85,38975885,"Wood Chamfer Pc. 3/4""x3/4""x10'",03-200-30-20|51482166,03-200-30-20,51482166,#5 Rebar - 20' Pc
162,03-150-10-85|43288331,03-150-10-85,43288331,Non Metallic Floor Hardener 50 lb. Bag,03-200-30-20|51482167,03-200-30-20,51482167,#6 Rebar - 20' Pc
163,04-100-10-20|38977375,04-100-10-20,38977375,Masonry Subcontractor,03-200-30-20|51482168,03-200-30-20,51482168,#7 Rebar - 20' Pc
164,01-300-10-35|36880196,01-300-10-35,36880196,Mobilization,03-200-30-20|51482169,03-200-30-20,51482169,#8 Rebar - 20' Pc
165,01-300-10-10|38992470,01-300-10-10,38992470,Supervision,03-200-30-20|51482170,03-200-30-20,51482170,#9 Rebar - 20' Pc
166,01-300-10-20|38992490,01-300-10-20,38992490,Management,03-200-30-20|51482171,03-200-30-20,51482171,#11 Rebar - 20' Pc
167,01-300-10-30|38992513,01-300-10-30,38992513,Travel Labor,03-200-30-20|51482172,03-200-30-20,51482172,#10 Rebar - 20' Pc
168,01-300-10-70|45634630,01-300-10-70,45634630,Shop Time,03-300-20-30|51482300,03-300-20-30,51482300,Telehandler 8000 lb (In-House)
169,01-300-10-40|38992493,01-300-10-40,38992493,Shop Drawings,03-300-20-40|51482301,03-300-20-40,51482301,Telehandler 8000 lb (Rental)
170,01-300-10-40|38992504,01-300-10-40,38992504,Shop Drawings,03-300-20-30|51482302,03-300-20-30,51482302,Telehandler 8000 lb (In-House)
171,03-150-10-05|38935078,03-150-10-05,38935078,"Dumbbell Waterstop Type DB-2 PVC 6""X 3/8""X 50'",03-300-20-40|51482303,03-300-20-40,51482303,Scissor Lift Rental
172,03-150-10-05|38935079,03-150-10-05,38935079,Box Expand-Tite 100 (100' per carton),03-300-20-30|51482304,03-300-20-30,51482304,Topping spreader (attachment on the SRS4 machine)
173,03-150-10-05|38935080,03-150-10-05,38935080,Box Expand-Tite 200 (100' per carton),03-300-20-30|51482305,03-300-20-30,51482305,Tower Light
174,03-150-10-05|38935081,03-150-10-05,38935081,"Water Stop Type 3A Ribbed 4""x 3/16"" x 50'",03-300-20-30|51482306,03-300-20-30,51482306,Concrete Buggy
175,03-150-10-05|38935082,03-150-10-05,38935082,"Water Stop Type 3A Ribbed 4""x 3/16"" x 100'",03-300-20-30|51482307,03-300-20-30,51482307,Hydro 8' Rideon Trowler
176,03-150-10-05|38935083,03-150-10-05,38935083,"Water Stop Type 4B Ribbed - w/Center bulb - Tapered 6""x 3/16"" x 50'",03-300-20-30|51482308,03-300-20-30,51482308,Hydro 10' Rideon Trowler
177,03-150-10-10|38935167,03-150-10-10,38935167,Waterstop Labor,03-300-20-30|51482309,03-300-20-30,51482309,8' Rideon Trowler
178,03-150-10-35|38976056,03-150-10-35,38976056,Vapor Barrier 6 mil 20'x100',03-300-20-30|51482310,03-300-20-30,51482310,6' Rideon Trowler
179,03-150-10-45|38976057,03-150-10-45,38976057,"Viper Tape 4"" x 180'",03-300-20-30|51482339,03-300-20-30,51482339,Somero S-15R (boom screed) (8 hr minimum)
180,03-150-10-45|38976058,03-150-10-45,38976058,Vapor Barrier 15 mil Viper II Class A Roll (14'x140'),03-300-20-30|51482340,03-300-20-30,51482340,Somero SRS4 (boom screed) (8 hr minimum)
181,03-150-10-35|38976059,03-150-10-35,38976059,Vapor Barrier 10 mil 20'x100',03-300-20-30|51482341,03-300-20-30,51482341,Somero S-840 (8 hr minimum)
182,03-150-10-45|38976060,03-150-10-45,38976060,Vapor Barrier 20 mil 14'x105',03-300-20-30|51482342,03-300-20-30,51482342,Somero Power Rake (8 hr minimum)
183,03-150-10-85|38975489,03-150-10-85,38975489,"Standard Wall Construction 18"" x 12'",03-300-20-30|51482343,03-300-20-30,51482343,Somero 3D Profiler (with or without screed)
184,03-150-10-85|38975490,03-150-10-85,38975490,"Standard Wall Construction 30"" x 12'",03-300-20-50|51482344,03-300-20-50,51482344,Slab on Grade Subcontractor
185,03-150-10-85|38975491,03-150-10-85,38975491,"Standard Wall Construction 12"" x 12'",03-300-20-10|51482374,03-300-20-10,51482374,Labor Slab On Grade
186,03-150-10-85|38975492,03-150-10-85,38975492,"Standard Wall Construction 16"" x 12'",03-100-30-10|51482375,03-100-30-10,51482375,Labor Slab On Grade Forms
187,03-150-10-85|38975493,03-150-10-85,38975493,"Standard Wall Construction 20"" x 12'",03-200-30-10|51482376,03-200-30-10,51482376,Labor Slab on Grade Rebar
188,03-150-10-85|38975494,03-150-10-85,38975494,"Standard Wall Construction 24"" x 12'",03-300-20-70|51482377,03-300-20-70,51482377,Labor Non Contracted
189,03-150-10-85|38975495,03-150-10-85,38975495,"Standard Wall Construction 36"" x 12'",03-300-30-20|51482173,03-300-30-20,51482173,Site Concrete
190,03-150-10-85|38975496,03-150-10-85,38975496,"Standard Wall Construction 22"" x 12'",03-100-30-20|51482174,03-100-30-20,51482174,Site Concrete Wood Forms
191,03-150-10-85|38975497,03-150-10-85,38975497,"Standard Wall Construction 12"" x 6'",03-200-40-20|51482175,03-200-40-20,51482175,#4 Rebar - 20' Pc
192,03-150-10-85|38975498,03-150-10-85,38975498,"Standard Wall Construction 20"" x 6'",03-200-40-20|51482176,03-200-40-20,51482176,#3 Rebar - 20' Pc
193,03-150-10-85|38975499,03-150-10-85,38975499,"Standard Wall Construction 36"" x 6'",03-200-40-20|51482177,03-200-40-20,51482177,#5 Rebar - 20' Pc
194,03-150-10-85|38975500,03-150-10-85,38975500,"Standard Wall Construction 16"" x 6'",03-200-40-20|51482178,03-200-40-20,51482178,#6 Rebar - 20' Pc
195,03-150-10-85|38975501,03-150-10-85,38975501,"Standard Wall Construction 18"" x 6'",03-200-40-20|51482179,03-200-40-20,51482179,#7 Rebar - 20' Pc
196,03-150-10-85|38975502,03-150-10-85,38975502,"Standard Wall Construction 24"" x 6'",03-200-40-20|51482180,03-200-40-20,51482180,#8 Rebar - 20' Pc
197,03-150-10-85|38975503,03-150-10-85,38975503,"Standard Wall Construction 30"" x 6'",03-200-40-20|51482181,03-200-40-20,51482181,#9 Rebar - 20' Pc
198,03-150-10-85|38975519,03-150-10-85,38975519,"Expansion Noma-Flex 6""x10'",03-200-40-20|51482182,03-200-40-20,51482182,#11 Rebar - 20' Pc
199,03-150-10-85|38975520,03-150-10-85,38975520,"Expansion Noma-Flex 12""x10'",03-200-40-20|51482183,03-200-40-20,51482183,#10 Rebar - 20' Pc
200,03-150-10-85|38975521,03-150-10-85,38975521,"Foam Expansion Roll 1/4""x4""x100'",03-300-30-20|51482184,03-300-30-20,51482184,Fiber
201,03-150-10-85|38975522,03-150-10-85,38975522,"Foam Expansion Roll 1/2""x4""x50'",03-300-30-20|51482185,03-300-30-20,51482185,Decorative Mockups
202,03-150-10-85|38975523,03-150-10-85,38975523,"Foam Expansion Roll 1/2""x6""x50'",03-300-30-30|51482311,03-300-30-30,51482311,Topping spreader (attachment on the SRS4 machine)
203,03-150-10-85|38975524,03-150-10-85,38975524,"Foam Expansion Roll 1/2""x8""x50'",03-300-30-30|51482312,03-300-30-30,51482312,Hydro 8' Rideon Trowler
204,03-150-10-85|38975525,03-150-10-85,38975525,"Rubber Expansion Pc. 1/2""x4""x10'",03-300-30-30|51482313,03-300-30-30,51482313,Hydro 10' Rideon Trowler
205,03-150-10-85|38975526,03-150-10-85,38975526,"Rubber Expansion Pc. 1/2""x6""x10'",03-300-30-30|51482314,03-300-30-30,51482314,8' Rideon Trowler
206,03-150-10-85|38975527,03-150-10-85,38975527,"Expansion Noma-Flex 4""x10'",03-300-30-30|51482315,03-300-30-30,51482315,6' Rideon Trowler
207,03-150-10-85|38975881,03-150-10-85,38975881,"Expansion Cap (snap cap) 1/2""x10'",03-300-30-30|51482316,03-300-30-30,51482316,Telehandler 8000 lb (In-House)
208,03-150-10-85|36804161,03-150-10-85,36804161,Touch N Foam 12 oz,03-300-30-40|51482317,03-300-30-40,51482317,Telehandler 8000 lb (Rental)
209,03-150-10-85|36804162,03-150-10-85,36804162,Great Stuff Insulating Foam 12 oz,03-300-30-30|51482318,03-300-30-30,51482318,Telehandler 8000 lb (In-House)
210,03-150-10-85|38975533,03-150-10-85,38975533,"GreenGuard Scoreboard 2""x4'x8'",03-300-30-40|51482319,03-300-30-40,51482319,Scissor Lift Rental
211,03-150-10-85|38975534,03-150-10-85,38975534,"GreenGuard Scoreboard 1.5""x4'x8",03-300-30-30|51482320,03-300-30-30,51482320,Tower Light
212,03-150-10-85|38975535,03-150-10-85,38975535,"GreenGuard Scoreboard 1""x4'x8'",03-300-30-30|51482321,03-300-30-30,51482321,Concrete Buggy
213,03-150-10-85|38975508,03-150-10-85,38975508,Powder Release 5 Gal,03-300-30-30|51482345,03-300-30-30,51482345,Somero S-15R (boom screed) (8 hr minimum)
214,03-150-10-85|38975509,03-150-10-85,38975509,Color Hardener 5 Gal,03-300-30-30|51482346,03-300-30-30,51482346,Somero SRS4 (boom screed) (8 hr minimum)
215,03-150-10-85|38975510,03-150-10-85,38975510,Integral Color,03-300-30-30|51482347,03-300-30-30,51482347,Somero S-840 (8 hr minimum)
216,03-150-10-85|39414012,03-150-10-85,39414012,Surface Deactivator,03-300-30-30|51482348,03-300-30-30,51482348,Somero Power Rake (8 hr minimum)
217,03-150-10-85|41843783,03-150-10-85,41843783,Eco-stain,03-300-30-30|51482349,03-300-30-30,51482349,Somero 3D Profiler (with or without screed)
218,03-150-10-85|42193975,03-150-10-85,42193975,Stamp Rental,03-300-30-50|51482350,03-300-30-50,51482350,Site Concrete Subcontractor
219,03-150-10-85|36741786,03-150-10-85,36741786,ADA Plate 2'x3',03-300-30-40|51482351,03-300-30-40,51482351,Curb Form Rentals
220,03-150-10-85|36741816,03-150-10-85,36741816,ADA Plate 2'x4',03-300-30-10|51482378,03-300-30-10,51482378,Labor Site Concrete
221,03-150-10-85|36741830,03-150-10-85,36741830,ADA Plate 2'x5',03-100-30-10|51482379,03-100-30-10,51482379,Labor Site Concrete Forms
222,03-200-50-30|36745260,03-200-50-30,36745260,"Heavy Duty SOG Chair 2-1/2"" - 3""",03-200-40-10|51482380,03-200-40-10,51482380,Labor Site Rebar
223,03-200-50-30|36745271,03-200-50-30,36745271,"Heavy Duty SOG Chair 1 1/2"" - 2""",03-300-40-30|51482355,03-300-40-30,51482355,Line Dragon
224,03-200-50-30|37675711,03-200-50-30,37675711,"2"" Popcorn Brick Chairs",03-300-40-30|51482356,03-300-40-30,51482356,Boom Pump Rental w/Operator
225,03-200-50-30|38940753,03-200-50-30,38940753,"Chairs 1.5"" (5' section)",03-300-40-30|51482357,03-300-40-30,51482357,Telebelt (4 hr minimum)
226,03-200-50-30|38940754,03-200-50-30,38940754,"Chairs 3/4"" (5' section)",03-300-40-30|51482358,03-300-40-30,51482358,Trailer Pump (Includes 3 hr)
227,03-200-50-30|38940755,03-200-50-30,38940755,"Chairs 2"" (5' section)",03-300-40-60|51482270,03-300-40-60,51482270,Certi-Vex 244 OW Aim  5 gal
228,03-200-50-30|38940756,03-200-50-30,38940756,"Chairs 3"" (5' section)",03-300-40-40|51482271,03-300-40-40,51482271,HS 200LV Penetrating Sealer  5 gal
229,03-200-50-30|38940757,03-200-50-30,38940757,"Chairs 4"" (5' section)",03-300-40-60|51482272,03-300-40-60,51482272,L&M Curing Compound
230,03-150-10-85|36745253,03-150-10-85,36745253,"Speed Dowel #4 Rebar 5/8"" x 9""",03-300-40-40|51482273,03-300-40-40,51482273,V-Seal 102 5 gal
231,03-150-10-85|36746108,03-150-10-85,36746108,"#5 Speed Dowel Base -3/4""",03-300-40-60|51482274,03-300-40-60,51482274,TK-Floor Hardner and Densifier 55 gal
232,03-150-10-85|36746141,03-150-10-85,36746141,"Speed Dowel #5 Rebar 3/4"" x 9""",03-300-40-60|51482275,03-300-40-60,51482275,TK Kure & Seal WB  5 gal
233,03-150-10-85|37273723,03-150-10-85,37273723,"1/4"" QuicDiamond Flat Plate (includes Plate and Sleeve)",03-300-40-40|51482276,03-300-40-40,51482276,V-Seal 101 5 gal
234,03-150-10-85|44497848,03-150-10-85,44497848,"#6 (3/4"") X 18"" Smooth Dowels",03-300-40-60|51482277,03-300-40-60,51482277,L&M Cure 55 gal
235,03-200-50-20|36741917,03-200-50-20,36741917,Wire Mesh 6 ga (2.9x2.9 6x6) 5'x10' Sheet,03-300-40-60|51482278,03-300-40-60,51482278,L&M Curing Compound
236,03-200-50-20|36741920,03-200-50-20,36741920,Wire Mesh 8 ga (2.1x2.1 6x6) 5'x10' Sheet,03-300-40-60|51482279,03-300-40-60,51482279,L&M Dress Seal WB 5 gal
237,03-200-50-20|36741924,03-200-50-20,36741924,Wire Mesh 10 ga (1.4x1.4 6x6) 5'x10' Sheet,03-300-40-70|51482389,03-300-40-70,51482389,Labor Interior Sealer
238,03-200-50-20|36745175,03-200-50-20,36745175,Wire Mesh 6 ga  (2.9x2.9 6x6) 8'x15' Sheet,03-300-40-10|51482280,03-300-40-10,51482280,Non-chloride Accelerator
239,03-200-50-20|36880163,03-200-50-20,36880163,Wire Mesh 4 ga (4.0x4.0 6x6) 5'x10' Sheet,03-300-40-10|51482281,03-300-40-10,51482281,Calcium Accelerator
240,03-200-50-20|36880166,03-200-50-20,36880166,Wire Mesh 4 ga (4.0x4.0 4x4) 5'x10' Sheet,03-300-40-10|51482282,03-300-40-10,51482282,Blankets price is 1 coverage only
241,03-300-40-60|38975897,03-300-40-60,38975897,Certi-Vex 244 OW Aim  5 gal,03-300-40-10|51482283,03-300-40-10,51482283,Hot Water
242,03-300-40-40|38975898,03-300-40-40,38975898,HS 200LV Penetrating Sealer  5 gal,03-300-40-10|51482284,03-300-40-10,51482284,Winter Concrete
243,03-300-40-60|38975959,03-300-40-60,38975959,L&M Curing Compound,03-400-10-20|51482323,03-400-10-20,51482323,Chop Saw
244,03-300-40-40|38975960,03-300-40-40,38975960,V-Seal 102 5 gal,03-400-10-20|51482324,03-400-10-20,51482324,Soffcut Saw X150
245,03-300-40-60|38975961,03-300-40-60,38975961,TK-Floor Hardner and Densifier 55 gal,03-400-10-20|51482325,03-400-10-20,51482325,Soffcut Saw X4000
246,03-300-40-60|38975962,03-300-40-60,38975962,TK Kure & Seal WB  5 gal,03-400-10-20|51482326,03-400-10-20,51482326,"18"" Floor Saw"
247,03-300-40-40|38975963,03-300-40-40,38975963,V-Seal 101 5 gal,03-400-10-10|51482382,03-400-10-10,51482382,Labor Concrete Sawing
248,03-300-40-60|38975964,03-300-40-60,38975964,L&M Cure 55 gal,04-100-10-20|51482352,04-100-10-20,51482352,Masonry Subcontractor
249,03-300-40-60|38975965,03-300-40-60,38975965,L&M Curing Compound,05-100-10-10|51482116,05-100-10-10,51482116,"Bollard Sch 40 6""x7'6"" (primed)"
250,03-300-40-60|38975966,03-300-40-60,38975966,L&M Dress Seal WB 5 gal,05-100-10-10|51482117,05-100-10-10,51482117,"Bollard Sch 40 6""x78"" with cap (primed)"
251,03-300-40-70|40573062,03-300-40-70,40573062,Interior Sealer Labor,05-100-10-10|51482118,05-100-10-10,51482118,Bollard Sleeve
252,03-300-40-30|36880160,03-300-40-30,36880160,Line Dragon,05-100-10-10|51482119,05-100-10-10,51482119,"Galvanized Bollard 4"""
253,03-300-40-30|38935099,03-300-40-30,38935099,Boom Pump Rental w/Operator,05-100-10-10|51482120,05-100-10-10,51482120,"Galvanized Bollard 6"""
254,03-300-40-30|38935100,03-300-40-30,38935100,Telebelt (4 hr minimum),05-100-10-20|51482121,05-100-10-20,51482121,Bollards Concrete
255,03-300-40-30|38935101,03-300-40-30,38935101,Trailer Pump (Includes 3 hr),05-100-10-10|51482122,05-100-10-10,51482122,"Bollard Sch 40 4"" x 7' Stainless Steel with Cap"
256,03-300-40-10|36804204,03-300-40-10,36804204,Non-chloride Accelerator,05-100-10-10|51482123,05-100-10-10,51482123,"Bollard Sch 40 4"" x 80"" Stainless Steel with Cap"
257,03-300-40-10|36804210,03-300-40-10,36804210,Calcium Accelerator,05-100-10-10|51482124,05-100-10-10,51482124,"Bollard Sch 40 6"" x 80"" Stainless Steel with Cap"
258,03-300-40-10|36804213,03-300-40-10,36804213,Blankets price is 1 coverage only,05-100-10-10|51482125,05-100-10-10,51482125,"Bollard Sleeve Sch 40 6"" Stainless Steel"
259,03-300-40-10|36804264,03-300-40-10,36804264,Hot Water,05-100-10-10|51482126,05-100-10-10,51482126,"Bollard Sleeve Sch 40 8"" Stainless Steel"
260,03-300-40-10|45284523,03-300-40-10,45284523,Winter Concrete,05-100-10-60|51482363,05-100-10-60,51482363,Rebar Fabrication Time
261,31-100-10-30|38333614,31-100-10-30,38333614,2B Stone,05-100-10-30|51482364,05-100-10-30,51482364,Labor Bollards
262,31-100-10-30|38333618,31-100-10-30,38333618,2A Modified,31-100-10-30|51482285,31-100-10-30,51482285,2B Stone
263,31-100-10-50|36836757,31-100-10-50,36836757,Kubota Excavator KX033,31-100-10-30|51482286,31-100-10-30,51482286,2A Modified
264,31-100-10-50|38347537,31-100-10-50,38347537,Kubota Excavator KX033,31-100-10-50|51482328,31-100-10-50,51482328,Kubota Excavator KX033
265,31-100-10-50|38992393,31-100-10-50,38992393,Bobcat 595 Skidloader,31-100-10-50|51482329,31-100-10-50,51482329,Kubota Excavator KX033
266,31-100-10-50|38992394,31-100-10-50,38992394,Bobcat 595 Skidloader,31-100-10-50|51482330,31-100-10-50,51482330,Bobcat 595 Skidloader
267,31-100-10-50|38992395,31-100-10-50,38992395,Bobcat 450 Skidloader,31-100-10-50|51482331,31-100-10-50,51482331,Bobcat 595 Skidloader
268,31-100-10-40|36804365,31-100-10-40,36804365,Dump Truck,31-100-10-50|51482332,31-100-10-50,51482332,Bobcat 450 Skidloader
269,31-100-10-40|38993987,31-100-10-40,38993987,Excavation Subcontractor,31-100-10-10|51482390,31-100-10-10,51482390,Labor Stone Grading
270,31-100-10-40|38993988,31-100-10-40,38993988,Trackhoe Subcontractor,31-100-10-20|51482391,31-100-10-20,51482391,Labor Excavation And Backfill
271,31-100-10-40|38993989,31-100-10-40,38993989,Skidloader Subcontractor,31-100-10-50|51482333,31-100-10-50,51482333,Trackhoe Rental
272,31-100-10-10|38994009,31-100-10-10,38994009,Stone Grading Labor,31-100-10-50|51482334,31-100-10-50,51482334,Roller Rental
273,31-100-10-20|38994011,31-100-10-20,38994011,Excavation And Backfill Labor,31-100-10-50|51482335,31-100-10-50,51482335,Skidloader Rental
274,31-100-10-50|38334038,31-100-10-50,38334038,Trackhoe Rental,31-100-10-40|51482359,31-100-10-40,51482359,Dump Truck
275,31-100-10-50|38334049,31-100-10-50,38334049,Roller Rental,31-100-10-40|51482360,31-100-10-40,51482360,Excavation Subcontractor
276,31-100-10-50|38334054,31-100-10-50,38334054,Skidloader Rental,31-100-10-40|51482361,31-100-10-40,51482361,Trackhoe Subcontractor
277,90-100-10-10|41897929,90-100-10-10,41897929,Over/Under,31-100-10-40|51482362,31-100-10-40,51482362,Skidloader Subcontractor
