source,sourceId,reason
GanttV2Project,dc288da6-af22-421f-959f-ab59f0f98c46,project_id_is_not_exact_procore_project_id
GanttV2Project,25fe8e8d-6607-4194-bfd6-8fcfec8c7e64,project_id_is_not_exact_procore_project_id
GanttV2Project,6ace4a14-c3ab-4dcb-84a2-3c3cb597c7d2,project_id_is_not_exact_procore_project_id
GanttV2Project,7bada5bf-f6f7-4fdd-8b5a-27128e44c787,project_id_is_not_exact_procore_project_id
GanttV2Project,4a2767c0-78ff-4cd4-bcae-c62df2a49487,project_id_is_not_exact_procore_project_id
GanttV2Project,fbdc8f61-c787-4eaf-ae61-710d967ce7e5,project_id_is_not_exact_procore_project_id
GanttV2Project,a5516098-d598-4681-a7fc-44ca745da568,project_id_is_not_exact_procore_project_id
GanttV2Project,e2ec7058-ec71-4241-8228-5b8bdd84feb8,project_id_is_not_exact_procore_project_id
GanttV2Project,bfd589a1-4609-4aa8-bb8d-5a7d81222b7a,project_id_is_not_exact_procore_project_id
GanttV2Project,746369a9-1fd2-4361-8c1b-f168d68e014d,project_id_is_not_exact_procore_project_id
GanttV2Project,8dc5b2e2-7020-446e-a5b5-90de2bf637df,project_id_is_not_exact_procore_project_id
GanttV2Project,3b21b1ef-b307-441a-a051-b1a680e77d24,project_id_is_not_exact_procore_project_id
GanttV2Project,70d4c3ec-b74f-4972-999e-693809304b9d,project_id_is_not_exact_procore_project_id
GanttV2Project,521a8cf9-16bf-44c3-91bb-c29f29829d69,project_id_is_not_exact_procore_project_id
GanttV2Project,826afe47-b78e-49f4-8a2e-dd0142ee7716,project_id_is_not_exact_procore_project_id
GanttV2Project,c6b9af11-ec31-4195-8454-911d1b8f9243,project_id_is_not_exact_procore_project_id
GanttV2Project,25c6d50a-39fa-471d-9418-9009fcf8e03d,project_id_is_not_exact_procore_project_id
GanttV2Project,ca0d4f74-9fe4-4f20-b9cb-f745caa73cef,project_id_is_not_exact_procore_project_id
GanttV2Project,32be1f3f-2be7-4c2f-bec5-ba3c687401f6,project_id_is_not_exact_procore_project_id
GanttV2Project,12abb1e5-e0ea-4d96-966b-900343d80921,project_id_is_not_exact_procore_project_id
GanttV2Project,0555332b-c470-4acf-852c-565404ccda3d,project_id_is_not_exact_procore_project_id
GanttV2Project,76596991-5d41-4171-8a84-24115c8e296c,project_id_is_not_exact_procore_project_id